StaID,total_drought_length,current_drought_category,current_drought_length
01011000,NA,NA,NA
01013500,NA,NA,NA
01015800,NA,NA,NA
01017000,NA,NA,NA
01019000,NA,NA,NA
01022500,NA,NA,NA
01030500,NA,NA,NA
01031500,NA,NA,NA
01034500,NA,NA,NA
01038000,NA,NA,NA
01042500,NA,NA,NA
01046500,NA,NA,NA
01047000,NA,NA,NA
01049500,3,20,3
01052500,NA,NA,NA
01053500,NA,NA,NA
01054000,NA,NA,NA
01054200,NA,NA,NA
01054500,NA,NA,NA
01055000,NA,NA,NA
01057000,NA,NA,NA
01059000,NA,NA,NA
01064500,NA,NA,NA
01066000,NA,NA,NA
01073000,NA,NA,NA
01073500,NA,NA,NA
01076500,NA,NA,NA
01078000,NA,NA,NA
01081000,NA,NA,NA
01092000,NA,NA,NA
01094400,NA,NA,NA
01094500,NA,NA,NA
01096000,NA,NA,NA
01096500,NA,NA,NA
01097000,NA,NA,NA
01097300,NA,NA,NA
01098530,NA,NA,NA
01099500,NA,NA,NA
01100000,NA,NA,NA
01101000,NA,NA,NA
01101500,NA,NA,NA
01102000,NA,NA,NA
01102500,NA,NA,NA
01103500,NA,NA,NA
01104200,NA,NA,NA
01104500,NA,NA,NA
01105000,NA,NA,NA
01105500,NA,NA,NA
01105600,NA,NA,NA
01105730,NA,NA,NA
01105870,NA,NA,NA
01109000,NA,NA,NA
01109060,NA,NA,NA
01109070,NA,NA,NA
01110000,NA,NA,NA
01111500,NA,NA,NA
01112500,NA,NA,NA
01114000,NA,NA,NA
01114500,NA,NA,NA
01116000,NA,NA,NA
01116500,NA,NA,NA
01117000,NA,NA,NA
01117350,NA,NA,NA
01117420,NA,NA,NA
01117468,NA,NA,NA
01117500,NA,NA,NA
01117800,NA,NA,NA
01118000,NA,NA,NA
01118300,NA,NA,NA
01118500,NA,NA,NA
01119500,NA,NA,NA
01121000,NA,NA,NA
01122500,NA,NA,NA
01123000,NA,NA,NA
01124000,NA,NA,NA
01127000,NA,NA,NA
01127500,NA,NA,NA
01129200,NA,NA,NA
01134500,NA,NA,NA
01135500,NA,NA,NA
01137500,NA,NA,NA
01139000,NA,NA,NA
01139800,NA,NA,NA
01142500,NA,NA,NA
01144000,NA,NA,NA
01151500,NA,NA,NA
01152500,NA,NA,NA
01154500,NA,NA,NA
01161000,NA,NA,NA
01162000,NA,NA,NA
01162500,NA,NA,NA
01163200,NA,NA,NA
01166500,NA,NA,NA
01168500,NA,NA,NA
01169000,NA,NA,NA
01169900,NA,NA,NA
01170000,NA,NA,NA
01170100,NA,NA,NA
01170500,NA,NA,NA
01171500,NA,NA,NA
01172500,NA,NA,NA
01173000,NA,NA,NA
01173500,NA,NA,NA
01174500,NA,NA,NA
01175500,NA,NA,NA
01175670,NA,NA,NA
01176000,NA,NA,NA
01177000,NA,NA,NA
01181000,NA,NA,NA
01183500,NA,NA,NA
01184000,NA,NA,NA
01184100,NA,NA,NA
01185500,NA,NA,NA
01186000,NA,NA,NA
01186500,NA,NA,NA
01187300,NA,NA,NA
01188000,NA,NA,NA
01188090,NA,NA,NA
01189995,NA,NA,NA
01192500,NA,NA,NA
01192883,NA,NA,NA
01193500,NA,NA,NA
01195100,NA,NA,NA
01196500,NA,NA,NA
01196620,NA,NA,NA
01197000,NA,NA,NA
01197500,NA,NA,NA
01199000,NA,NA,NA
01199050,NA,NA,NA
01200500,NA,NA,NA
01204000,NA,NA,NA
01205500,NA,NA,NA
01206900,NA,NA,NA
01208500,NA,NA,NA
01208950,NA,NA,NA
01208990,NA,NA,NA
01209700,NA,NA,NA
01303500,NA,NA,NA
01304500,NA,NA,NA
01305000,NA,NA,NA
01305500,NA,NA,NA
01306460,NA,NA,NA
01306500,NA,NA,NA
01308500,NA,NA,NA
01311500,NA,NA,NA
01315000,NA,NA,NA
01315500,NA,NA,NA
01318500,NA,NA,NA
01321000,NA,NA,NA
01325000,NA,NA,NA
01327750,NA,NA,NA
01331095,NA,NA,NA
01331500,NA,NA,NA
01332500,NA,NA,NA
01333000,NA,NA,NA
01334000,NA,NA,NA
01334500,NA,NA,NA
01335754,NA,NA,NA
01336000,NA,NA,NA
01346000,NA,NA,NA
01347000,NA,NA,NA
01350000,NA,NA,NA
01350120,NA,NA,NA
01350140,NA,NA,NA
01350180,NA,NA,NA
01350355,NA,NA,NA
01351500,NA,NA,NA
01357500,NA,NA,NA
01362200,NA,NA,NA
01362500,NA,NA,NA
01364500,NA,NA,NA
01365000,NA,NA,NA
01367500,NA,NA,NA
01371500,NA,NA,NA
01372500,NA,NA,NA
01375000,NA,NA,NA
01376800,NA,NA,NA
01377000,NA,NA,NA
01377500,NA,NA,NA
01378500,NA,NA,NA
01379000,NA,NA,NA
01379500,NA,NA,NA
01381000,NA,NA,NA
01381500,NA,NA,NA
01383500,NA,NA,NA
01387400,NA,NA,NA
01387420,NA,NA,NA
01387500,NA,NA,NA
01388000,NA,NA,NA
01388500,NA,NA,NA
01390500,NA,NA,NA
01391500,NA,NA,NA
01393450,NA,NA,NA
01394500,NA,NA,NA
01395000,NA,NA,NA
01396500,NA,NA,NA
01396582,NA,NA,NA
01396660,NA,NA,NA
01396800,134,20,5
01397000,NA,NA,NA
01398000,NA,NA,NA
01398500,NA,NA,NA
01399500,NA,NA,NA
01399670,NA,NA,NA
01400500,NA,NA,NA
01401000,NA,NA,NA
01401650,NA,NA,NA
01402000,NA,NA,NA
01403060,NA,NA,NA
01403150,NA,NA,NA
01403400,NA,NA,NA
01403540,NA,NA,NA
01405400,NA,NA,NA
01407500,NA,NA,NA
01407705,NA,NA,NA
01407760,NA,NA,NA
01408000,NA,NA,NA
01408120,NA,NA,NA
01408500,NA,NA,NA
01409400,NA,NA,NA
01410000,15,10,3
01410150,8,20,8
01411000,NA,NA,NA
01411300,12,5,6
01411500,9,20,9
01413500,NA,NA,NA
01414500,NA,NA,NA
01415000,NA,NA,NA
01417000,NA,NA,NA
01417500,NA,NA,NA
01420500,NA,NA,NA
01421000,NA,NA,NA
01423000,NA,NA,NA
01425000,NA,NA,NA
01426500,NA,NA,NA
01427510,NA,NA,NA
01428500,NA,NA,NA
01429000,NA,NA,NA
01429500,NA,NA,NA
01431500,NA,NA,NA
01434000,NA,NA,NA
01435000,NA,NA,NA
01436000,NA,NA,NA
01437500,NA,NA,NA
01438500,NA,NA,NA
01439500,NA,NA,NA
01440000,NA,NA,NA
01440400,NA,NA,NA
01442500,NA,NA,NA
01443500,NA,NA,NA
01443900,NA,NA,NA
01445500,NA,NA,NA
01446500,NA,NA,NA
01447500,NA,NA,NA
01447680,NA,NA,NA
01447720,NA,NA,NA
01447800,NA,NA,NA
01449360,NA,NA,NA
01449800,NA,NA,NA
01450500,NA,NA,NA
01451000,NA,NA,NA
01451500,NA,NA,NA
01451800,NA,NA,NA
01452000,NA,NA,NA
01452500,NA,NA,NA
01453000,NA,NA,NA
01457000,NA,NA,NA
01459500,NA,NA,NA
01463500,NA,NA,NA
01464000,NA,NA,NA
01464500,NA,NA,NA
01465798,NA,NA,NA
01466500,309,10,6
01467000,NA,NA,NA
01467048,NA,NA,NA
01467081,NA,NA,NA
01467150,NA,NA,NA
01468500,NA,NA,NA
01469500,NA,NA,NA
01470500,NA,NA,NA
01470779,NA,NA,NA
01470960,NA,NA,NA
01471000,NA,NA,NA
01471510,NA,NA,NA
01472000,NA,NA,NA
01472157,NA,NA,NA
01472198,NA,NA,NA
01472199,NA,NA,NA
01473000,NA,NA,NA
01474000,NA,NA,NA
01474500,NA,NA,NA
01475850,NA,NA,NA
01477000,NA,NA,NA
01477120,NA,NA,NA
01477800,NA,NA,NA
01478000,NA,NA,NA
01479000,NA,NA,NA
01480000,NA,NA,NA
01480300,NA,NA,NA
01480500,NA,NA,NA
01480617,NA,NA,NA
01480675,NA,NA,NA
01480685,1,20,1
01480700,NA,NA,NA
01480870,NA,NA,NA
01481000,NA,NA,NA
01481500,NA,NA,NA
01483200,NA,NA,NA
01483700,NA,NA,NA
01484100,9,20,9
01485500,NA,NA,NA
01486000,NA,NA,NA
01487000,NA,NA,NA
01491000,NA,NA,NA
01493000,NA,NA,NA
01493500,NA,NA,NA
01495000,NA,NA,NA
01500000,NA,NA,NA
01503000,NA,NA,NA
01509000,NA,NA,NA
01510000,NA,NA,NA
01512500,NA,NA,NA
01516350,NA,NA,NA
01516500,NA,NA,NA
01518000,NA,NA,NA
01518700,NA,NA,NA
01520000,NA,NA,NA
01521500,NA,NA,NA
01523500,NA,NA,NA
01524500,NA,NA,NA
01526500,NA,NA,NA
01529500,NA,NA,NA
01529950,NA,NA,NA
01531000,NA,NA,NA
01531500,NA,NA,NA
01532000,NA,NA,NA
01533400,NA,NA,NA
01534000,NA,NA,NA
01534300,NA,NA,NA
01534500,NA,NA,NA
01536000,NA,NA,NA
01536500,NA,NA,NA
01538000,NA,NA,NA
01539000,NA,NA,NA
01540500,NA,NA,NA
01541000,NA,NA,NA
01541200,NA,NA,NA
01541303,NA,NA,NA
01541500,NA,NA,NA
01542810,NA,NA,NA
01543000,NA,NA,NA
01543500,NA,NA,NA
01544000,NA,NA,NA
01544500,NA,NA,NA
01545000,NA,NA,NA
01545500,NA,NA,NA
01545600,NA,NA,NA
01546500,NA,NA,NA
01547100,NA,NA,NA
01547200,NA,NA,NA
01547500,NA,NA,NA
01547700,NA,NA,NA
01547950,NA,NA,NA
01548500,NA,NA,NA
01549500,NA,NA,NA
01549700,NA,NA,NA
01550000,NA,NA,NA
01551500,NA,NA,NA
01552000,NA,NA,NA
01552500,NA,NA,NA
01553500,NA,NA,NA
01553700,NA,NA,NA
01554000,NA,NA,NA
01555000,NA,NA,NA
01555500,NA,NA,NA
01556000,NA,NA,NA
01557500,NA,NA,NA
01558000,NA,NA,NA
01559000,NA,NA,NA
01560000,NA,NA,NA
01562000,NA,NA,NA
01563200,NA,NA,NA
01563500,NA,NA,NA
01564500,NA,NA,NA
01567000,NA,NA,NA
01567500,NA,NA,NA
01568000,NA,NA,NA
01570000,NA,NA,NA
01571500,NA,NA,NA
01573000,NA,NA,NA
01573560,NA,NA,NA
01574000,NA,NA,NA
01574500,NA,NA,NA
01576500,NA,NA,NA
01580000,NA,NA,NA
01581700,NA,NA,NA
01582000,NA,NA,NA
01583500,NA,NA,NA
01584050,NA,NA,NA
01585100,NA,NA,NA
01585500,NA,NA,NA
01586000,NA,NA,NA
01591000,NA,NA,NA
01591400,NA,NA,NA
01591610,NA,NA,NA
01591700,NA,NA,NA
01592500,97,10,39
01593500,NA,NA,NA
01594440,NA,NA,NA
01595000,NA,NA,NA
01596500,NA,NA,NA
01597500,NA,NA,NA
01598500,NA,NA,NA
01599000,NA,NA,NA
01601500,NA,NA,NA
01603000,NA,NA,NA
01604500,NA,NA,NA
01605500,NA,NA,NA
01606500,NA,NA,NA
01607500,NA,NA,NA
01608000,NA,NA,NA
01608500,NA,NA,NA
01610000,NA,NA,NA
01611500,NA,NA,NA
01613000,NA,NA,NA
01613050,NA,NA,NA
01614500,NA,NA,NA
01616500,NA,NA,NA
01617800,NA,NA,NA
01619500,NA,NA,NA
01620500,NA,NA,NA
01622000,NA,NA,NA
01625000,NA,NA,NA
01626000,NA,NA,NA
01627500,NA,NA,NA
01628500,NA,NA,NA
01629500,NA,NA,NA
01631000,NA,NA,NA
01632000,NA,NA,NA
01632900,NA,NA,NA
01633000,NA,NA,NA
01634000,NA,NA,NA
01634500,NA,NA,NA
01635500,NA,NA,NA
01636500,NA,NA,NA
01637500,NA,NA,NA
01638480,NA,NA,NA
01638500,NA,NA,NA
01639000,NA,NA,NA
01639500,NA,NA,NA
01643000,NA,NA,NA
01643500,NA,NA,NA
01644000,NA,NA,NA
01645000,NA,NA,NA
01646000,NA,NA,NA
01646500,NA,NA,NA
01646502,NA,NA,NA
01648000,NA,NA,NA
01649500,NA,NA,NA
01653600,NA,NA,NA
01654000,NA,NA,NA
01658500,NA,NA,NA
01661050,NA,NA,NA
01661500,NA,NA,NA
01664000,NA,NA,NA
01666500,NA,NA,NA
01667500,NA,NA,NA
01668000,NA,NA,NA
01669000,NA,NA,NA
01669520,NA,NA,NA
01671020,NA,NA,NA
01671100,NA,NA,NA
01673000,NA,NA,NA
01673550,NA,NA,NA
01673800,NA,NA,NA
01674000,NA,NA,NA
01674500,NA,NA,NA
02011400,NA,NA,NA
02011460,NA,NA,NA
02011500,NA,NA,NA
02011800,NA,NA,NA
02013000,NA,NA,NA
02013100,NA,NA,NA
02014000,NA,NA,NA
02015700,NA,NA,NA
02016000,NA,NA,NA
02016500,NA,NA,NA
02017500,NA,NA,NA
02018000,NA,NA,NA
02018500,NA,NA,NA
02019500,NA,NA,NA
02021500,NA,NA,NA
02022500,NA,NA,NA
02024000,NA,NA,NA
02025500,NA,NA,NA
02026000,NA,NA,NA
02027000,NA,NA,NA
02027500,NA,NA,NA
02028500,NA,NA,NA
02029000,NA,NA,NA
02030000,NA,NA,NA
02031000,NA,NA,NA
02034000,NA,NA,NA
02035000,NA,NA,NA
02036500,NA,NA,NA
02037500,NA,NA,NA
02038850,NA,NA,NA
02039000,NA,NA,NA
02039500,NA,NA,NA
02040000,NA,NA,NA
02041000,NA,NA,NA
02041650,NA,NA,NA
02042500,NA,NA,NA
02044500,NA,NA,NA
02045500,NA,NA,NA
02046000,NA,NA,NA
02047000,NA,NA,NA
02049500,NA,NA,NA
02051000,NA,NA,NA
02051500,NA,NA,NA
02052000,NA,NA,NA
02053200,NA,NA,NA
02053500,NA,NA,NA
02053800,NA,NA,NA
02054500,NA,NA,NA
02055000,NA,NA,NA
02055100,NA,NA,NA
02056000,NA,NA,NA
02056650,NA,NA,NA
02056900,NA,NA,NA
02058400,NA,NA,NA
02059500,NA,NA,NA
02060500,NA,NA,NA
02061500,NA,NA,NA
02062500,NA,NA,NA
02065500,NA,NA,NA
02066000,NA,NA,NA
02069700,NA,NA,NA
02070000,NA,NA,NA
02071000,NA,NA,NA
02072000,NA,NA,NA
02072500,NA,NA,NA
02073000,NA,NA,NA
02074000,NA,NA,NA
02074500,NA,NA,NA
02075500,NA,NA,NA
02077000,NA,NA,NA
02077200,NA,NA,NA
02077303,NA,NA,NA
02077670,NA,NA,NA
02080500,NA,NA,NA
02081500,NA,NA,NA
02081747,NA,NA,NA
02082585,NA,NA,NA
02082950,NA,NA,NA
02083000,NA,NA,NA
02083500,NA,NA,NA
02085070,NA,NA,NA
02085500,NA,NA,NA
02087183,NA,NA,NA
02087500,NA,NA,NA
02088000,NA,NA,NA
02088500,NA,NA,NA
02089000,NA,NA,NA
02089500,NA,NA,NA
02090380,NA,NA,NA
02091000,NA,NA,NA
02091500,NA,NA,NA
02092500,NA,NA,NA
02093800,NA,NA,NA
02094500,NA,NA,NA
02096500,NA,NA,NA
02100500,NA,NA,NA
02102000,NA,NA,NA
02102192,NA,NA,NA
02102500,NA,NA,NA
02102908,NA,NA,NA
02105500,NA,NA,NA
02105769,NA,NA,NA
02106500,NA,NA,NA
02108000,NA,NA,NA
02109500,NA,NA,NA
02110500,NA,NA,NA
02111000,NA,NA,NA
02111180,NA,NA,NA
02111500,NA,NA,NA
02112000,NA,NA,NA
02112250,NA,NA,NA
02113850,NA,NA,NA
02114450,NA,NA,NA
02115360,NA,NA,NA
02116500,NA,NA,NA
02118000,NA,NA,NA
02118500,NA,NA,NA
02120780,NA,NA,NA
02126000,NA,NA,NA
02128000,NA,NA,NA
02129000,NA,NA,NA
02130900,NA,NA,NA
02130910,NA,NA,NA
02131000,NA,NA,NA
02133500,NA,NA,NA
02134500,NA,NA,NA
02135000,NA,NA,NA
02136000,NA,NA,NA
02137727,NA,NA,NA
02138500,NA,NA,NA
02142900,NA,NA,NA
02143000,NA,NA,NA
02143040,NA,NA,NA
02143500,NA,NA,NA
02144000,NA,NA,NA
02146000,NA,NA,NA
02146300,NA,NA,NA
02146507,NA,NA,NA
02146600,NA,NA,NA
02146700,NA,NA,NA
02146750,NA,NA,NA
02148000,NA,NA,NA
02149000,NA,NA,NA
02151500,NA,NA,NA
02152100,NA,NA,NA
02154500,NA,NA,NA
02156500,NA,NA,NA
02160105,NA,NA,NA
02160700,NA,NA,NA
02161000,NA,NA,NA
02163500,NA,NA,NA
02167000,NA,NA,NA
02169000,NA,NA,NA
02169500,NA,NA,NA
02169570,NA,NA,NA
02171500,NA,NA,NA
02173000,NA,NA,NA
02173500,NA,NA,NA
02175000,NA,NA,NA
02175500,NA,NA,NA
02176500,NA,NA,NA
02177000,NA,NA,NA
02178400,NA,NA,NA
02192000,NA,NA,NA
02197000,NA,NA,NA
02198000,NA,NA,NA
02198500,NA,NA,NA
02201000,NA,NA,NA
02202500,NA,NA,NA
02202600,NA,NA,NA
02203000,NA,NA,NA
02208450,NA,NA,NA
02212600,NA,NA,NA
02213000,NA,NA,NA
02213500,NA,NA,NA
02215500,NA,NA,NA
02217500,NA,NA,NA
02218300,NA,NA,NA
02219000,NA,NA,NA
02220900,NA,NA,NA
02221525,NA,NA,NA
02223000,NA,NA,NA
02223500,NA,NA,NA
02225000,NA,NA,NA
02225500,NA,NA,NA
02226000,NA,NA,NA
02226500,NA,NA,NA
02227500,NA,NA,NA
02228000,NA,NA,NA
02231000,NA,NA,NA
02231342,3,20,3
02231600,14,20,14
02232200,NA,NA,NA
02232400,75,20,5
02232500,NA,NA,NA
02233500,NA,NA,NA
02234000,NA,NA,NA
02234324,NA,NA,NA
02235000,NA,NA,NA
02236500,NA,NA,NA
02236900,NA,NA,NA
02237293,NA,NA,NA
02240000,NA,NA,NA
02240500,NA,NA,NA
02243000,NA,NA,NA
02243960,NA,NA,NA
02245500,NA,NA,NA
02246000,NA,NA,NA
02247510,NA,NA,NA
02248000,NA,NA,NA
02256500,NA,NA,NA
02262900,NA,NA,NA
02263800,NA,NA,NA
02264100,NA,NA,NA
02266200,NA,NA,NA
02266300,NA,NA,NA
02266480,NA,NA,NA
02271500,NA,NA,NA
02277600,NA,NA,NA
02292900,NA,NA,NA
02294650,NA,NA,NA
02294898,NA,NA,NA
02295420,NA,NA,NA
02295637,NA,NA,NA
02296500,NA,NA,NA
02296750,NA,NA,NA
02297100,NA,NA,NA
02297155,NA,NA,NA
02297310,NA,NA,NA
02298123,NA,NA,NA
02298608,NA,NA,NA
02298830,NA,NA,NA
02299950,NA,NA,NA
02300100,NA,NA,NA
02300500,NA,NA,NA
02300700,NA,NA,NA
02301300,NA,NA,NA
02301500,NA,NA,NA
02301900,NA,NA,NA
02302500,NA,NA,NA
02303000,NA,NA,NA
02303330,NA,NA,NA
02303350,NA,NA,NA
02303400,NA,NA,NA
02303420,NA,NA,NA
02303800,NA,NA,NA
02304500,NA,NA,NA
02307000,NA,NA,NA
02307359,NA,NA,NA
02309848,NA,NA,NA
02310000,NA,NA,NA
02310947,NA,NA,NA
02312000,NA,NA,NA
02312200,NA,NA,NA
02312500,NA,NA,NA
02312667,NA,NA,NA
02312700,NA,NA,NA
02312720,NA,NA,NA
02313000,NA,NA,NA
02313230,137,20,137
02314500,NA,NA,NA
02315500,NA,NA,NA
02317500,NA,NA,NA
02319000,NA,NA,NA
02319500,NA,NA,NA
02320500,NA,NA,NA
02321500,NA,NA,NA
02322500,NA,NA,NA
02323500,NA,NA,NA
02324000,NA,NA,NA
02324400,NA,NA,NA
02326000,NA,NA,NA
02327100,NA,NA,NA
02329000,NA,NA,NA
02330000,NA,NA,NA
02330100,NA,NA,NA
02330450,NA,NA,NA
02331600,NA,NA,NA
02333500,NA,NA,NA
02334430,NA,NA,NA
02335000,NA,NA,NA
02335450,NA,NA,NA
02335700,NA,NA,NA
02336000,NA,NA,NA
02336300,NA,NA,NA
02336490,NA,NA,NA
02337000,NA,NA,NA
02337170,NA,NA,NA
02337500,NA,NA,NA
02338000,NA,NA,NA
02338660,NA,NA,NA
02339500,NA,NA,NA
02341800,NA,NA,NA
02342500,NA,NA,NA
02343801,NA,NA,NA
02344500,NA,NA,NA
02344700,NA,NA,NA
02347500,NA,NA,NA
02349605,NA,NA,NA
02349900,NA,NA,NA
02351890,NA,NA,NA
02352500,NA,NA,NA
02353000,NA,NA,NA
02353500,NA,NA,NA
02358000,NA,NA,NA
02358700,NA,NA,NA
02359000,NA,NA,NA
02359170,NA,NA,NA
02361000,NA,NA,NA
02366500,NA,NA,NA
02369000,NA,NA,NA
02369800,NA,NA,NA
02371500,NA,NA,NA
02372250,NA,NA,NA
02373000,NA,NA,NA
02374500,NA,NA,NA
02375500,NA,NA,NA
02376500,NA,NA,NA
02380500,NA,NA,NA
02381600,NA,NA,NA
02382200,NA,NA,NA
02382500,NA,NA,NA
02383500,NA,NA,NA
02384500,NA,NA,NA
02385800,NA,NA,NA
02387000,NA,NA,NA
02387500,NA,NA,NA
02388320,NA,NA,NA
02388500,NA,NA,NA
02394000,NA,NA,NA
02395120,NA,NA,NA
02395980,NA,NA,NA
02397000,NA,NA,NA
02398000,NA,NA,NA
02399200,NA,NA,NA
02400100,NA,NA,NA
02401390,NA,NA,NA
02408540,NA,NA,NA
02412000,NA,NA,NA
02413300,NA,NA,NA
02414500,NA,NA,NA
02419000,NA,NA,NA
02421000,NA,NA,NA
02422500,NA,NA,NA
02424000,NA,NA,NA
02425000,NA,NA,NA
02430085,NA,NA,NA
02430880,NA,NA,NA
02436500,NA,NA,NA
02439400,NA,NA,NA
02443500,NA,NA,NA
02444160,NA,NA,NA
02446500,NA,NA,NA
02447025,NA,NA,NA
02448000,NA,NA,NA
02448500,NA,NA,NA
02450250,NA,NA,NA
02456500,NA,NA,NA
02462000,NA,NA,NA
02464000,NA,NA,NA
02465000,NA,NA,NA
02465493,NA,NA,NA
02467000,NA,NA,NA
02467500,NA,NA,NA
02469761,NA,NA,NA
02469800,NA,NA,NA
02471001,NA,NA,NA
02472000,NA,NA,NA
02472500,NA,NA,NA
02473000,NA,NA,NA
02475000,NA,NA,NA
02475500,NA,NA,NA
02476500,NA,NA,NA
02476600,NA,NA,NA
02477000,NA,NA,NA
02478500,NA,NA,NA
02479000,NA,NA,NA
02479130,NA,NA,NA
02479155,NA,NA,NA
02479300,NA,NA,NA
02481000,NA,NA,NA
02481510,NA,NA,NA
02481880,NA,NA,NA
02482000,NA,NA,NA
02482550,NA,NA,NA
02484000,NA,NA,NA
02484500,NA,NA,NA
02486000,NA,NA,NA
02489500,NA,NA,NA
02490500,NA,NA,NA
02492000,NA,NA,NA
03007800,NA,NA,NA
03010500,NA,NA,NA
03010655,NA,NA,NA
03011020,NA,NA,NA
03011800,NA,NA,NA
03014500,NA,NA,NA
03015000,NA,NA,NA
03015500,NA,NA,NA
03020500,NA,NA,NA
03021350,NA,NA,NA
03024000,NA,NA,NA
03025500,NA,NA,NA
03026500,NA,NA,NA
03028000,NA,NA,NA
03029500,NA,NA,NA
03030500,NA,NA,NA
03031500,NA,NA,NA
03032500,NA,NA,NA
03034000,NA,NA,NA
03034500,NA,NA,NA
03036500,NA,NA,NA
03038000,NA,NA,NA
03040000,NA,NA,NA
03041500,NA,NA,NA
03042000,NA,NA,NA
03042280,NA,NA,NA
03042500,NA,NA,NA
03045000,NA,NA,NA
03048500,NA,NA,NA
03049500,NA,NA,NA
03049800,NA,NA,NA
03051000,NA,NA,NA
03052500,NA,NA,NA
03053500,NA,NA,NA
03054500,NA,NA,NA
03061000,NA,NA,NA
03061500,NA,NA,NA
03066000,NA,NA,NA
03069500,NA,NA,NA
03070500,NA,NA,NA
03072000,NA,NA,NA
03072655,NA,NA,NA
03074500,NA,NA,NA
03075070,NA,NA,NA
03075500,NA,NA,NA
03076500,NA,NA,NA
03076600,NA,NA,NA
03078000,NA,NA,NA
03079000,NA,NA,NA
03080000,NA,NA,NA
03081000,NA,NA,NA
03082500,NA,NA,NA
03083500,NA,NA,NA
03085500,NA,NA,NA
03091500,NA,NA,NA
03093000,NA,NA,NA
03094000,NA,NA,NA
03101500,NA,NA,NA
03102500,NA,NA,NA
03102850,NA,NA,NA
03105500,NA,NA,NA
03106000,NA,NA,NA
03106300,NA,NA,NA
03106500,NA,NA,NA
03107500,NA,NA,NA
03108000,NA,NA,NA
03109500,NA,NA,NA
03110000,NA,NA,NA
03111500,NA,NA,NA
03112000,NA,NA,NA
03117000,NA,NA,NA
03117500,NA,NA,NA
03118000,NA,NA,NA
03118500,NA,NA,NA
03124500,NA,NA,NA
03129000,NA,NA,NA
03136500,NA,NA,NA
03139000,NA,NA,NA
03140000,NA,NA,NA
03140500,NA,NA,NA
03142000,NA,NA,NA
03144000,NA,NA,NA
03145000,NA,NA,NA
03146500,NA,NA,NA
03155000,NA,NA,NA
03157000,NA,NA,NA
03157500,NA,NA,NA
03159500,NA,NA,NA
03159540,NA,NA,NA
03161000,NA,NA,NA
03164000,NA,NA,NA
03165000,NA,NA,NA
03168000,NA,NA,NA
03170000,NA,NA,NA
03171000,NA,NA,NA
03173000,NA,NA,NA
03175500,NA,NA,NA
03176500,NA,NA,NA
03179000,NA,NA,NA
03180500,NA,NA,NA
03182500,NA,NA,NA
03183500,NA,NA,NA
03184000,NA,NA,NA
03185400,NA,NA,NA
03186500,NA,NA,NA
03187500,NA,NA,NA
03192000,NA,NA,NA
03193000,NA,NA,NA
03197000,NA,NA,NA
03198000,NA,NA,NA
03198500,NA,NA,NA
03200500,NA,NA,NA
03202400,NA,NA,NA
03202750,NA,NA,NA
03203600,NA,NA,NA
03206600,NA,NA,NA
03207800,NA,NA,NA
03208500,NA,NA,NA
03208950,NA,NA,NA
03209000,NA,NA,NA
03209500,NA,NA,NA
03210000,NA,NA,NA
03213700,NA,NA,NA
03216500,NA,NA,NA
03217000,NA,NA,NA
03219500,NA,NA,NA
03220000,NA,NA,NA
03221000,NA,NA,NA
03225500,NA,NA,NA
03227500,NA,NA,NA
03228500,3,20,3
03228805,14,20,4
03229500,NA,NA,NA
03230500,NA,NA,NA
03231500,NA,NA,NA
03232500,NA,NA,NA
03234500,NA,NA,NA
03237280,NA,NA,NA
03237500,NA,NA,NA
03240000,NA,NA,NA
03241500,NA,NA,NA
03245500,NA,NA,NA
03247500,NA,NA,NA
03261500,NA,NA,NA
03261950,NA,NA,NA
03262000,NA,NA,NA
03262700,NA,NA,NA
03263000,NA,NA,NA
03265000,NA,NA,NA
03266000,NA,NA,NA
03269500,NA,NA,NA
03270000,NA,NA,NA
03270500,NA,NA,NA
03272000,NA,NA,NA
03274000,NA,NA,NA
03274650,NA,NA,NA
03275000,NA,NA,NA
03275600,NA,NA,NA
03276500,NA,NA,NA
03280700,NA,NA,NA
03281000,NA,NA,NA
03281500,NA,NA,NA
03285000,NA,NA,NA
03287500,NA,NA,NA
03291780,NA,NA,NA
03293000,NA,NA,NA
03294000,NA,NA,NA
03298000,NA,NA,NA
03298500,NA,NA,NA
03300400,NA,NA,NA
03301500,NA,NA,NA
03302000,NA,NA,NA
03302220,NA,NA,NA
03302680,NA,NA,NA
03302800,NA,NA,NA
03303000,NA,NA,NA
03303300,NA,NA,NA
03310300,NA,NA,NA
03320000,NA,NA,NA
03320500,NA,NA,NA
03322900,NA,NA,NA
03324000,NA,NA,NA
03324300,NA,NA,NA
03325000,NA,NA,NA
03326500,NA,NA,NA
03327500,NA,NA,NA
03328000,NA,NA,NA
03328500,NA,NA,NA
03329000,NA,NA,NA
03329700,NA,NA,NA
03330500,NA,NA,NA
03331500,NA,NA,NA
03333450,NA,NA,NA
03334500,NA,NA,NA
03335000,NA,NA,NA
03335500,NA,NA,NA
03336000,NA,NA,NA
03336645,NA,NA,NA
03337000,NA,NA,NA
03339000,NA,NA,NA
03339500,NA,NA,NA
03340500,NA,NA,NA
03340800,NA,NA,NA
03341500,NA,NA,NA
03342000,NA,NA,NA
03343400,NA,NA,NA
03345500,NA,NA,NA
03346000,NA,NA,NA
03347000,NA,NA,NA
03349000,NA,NA,NA
03350700,NA,NA,NA
03351000,NA,NA,NA
03351310,NA,NA,NA
03351500,NA,NA,NA
03352500,NA,NA,NA
03353000,NA,NA,NA
03353120,NA,NA,NA
03353200,NA,NA,NA
03353500,NA,NA,NA
03353600,NA,NA,NA
03353620,NA,NA,NA
03353800,NA,NA,NA
03354000,NA,NA,NA
03357350,NA,NA,NA
03358000,NA,NA,NA
03360000,NA,NA,NA
03360500,NA,NA,NA
03361500,NA,NA,NA
03361650,NA,NA,NA
03361850,NA,NA,NA
03362000,NA,NA,NA
03362500,NA,NA,NA
03363500,NA,NA,NA
03363900,NA,NA,NA
03364000,NA,NA,NA
03364500,NA,NA,NA
03365500,NA,NA,NA
03366500,NA,NA,NA
03368000,NA,NA,NA
03369500,NA,NA,NA
03371500,NA,NA,NA
03373500,NA,NA,NA
03374000,NA,NA,NA
03375500,NA,NA,NA
03376500,NA,NA,NA
03378000,NA,NA,NA
03378550,NA,NA,NA
03378635,NA,NA,NA
03379500,NA,NA,NA
03380500,NA,NA,NA
03381500,NA,NA,NA
03382100,NA,NA,NA
03383000,NA,NA,NA
03384450,NA,NA,NA
03404000,NA,NA,NA
03421000,NA,NA,NA
03432350,NA,NA,NA
03433500,NA,NA,NA
03434500,NA,NA,NA
03439000,NA,NA,NA
03443000,NA,NA,NA
03446000,NA,NA,NA
03451000,NA,NA,NA
03451500,NA,NA,NA
03453500,NA,NA,NA
03455000,NA,NA,NA
03455500,NA,NA,NA
03456100,NA,NA,NA
03456500,NA,NA,NA
03456991,NA,NA,NA
03459500,NA,NA,NA
03460000,NA,NA,NA
03463300,NA,NA,NA
03465500,NA,NA,NA
03471500,NA,NA,NA
03473000,NA,NA,NA
03475000,NA,NA,NA
03479000,NA,NA,NA
03488000,NA,NA,NA
03491000,NA,NA,NA
03497300,NA,NA,NA
03498500,NA,NA,NA
03500000,NA,NA,NA
03504000,NA,NA,NA
03512000,NA,NA,NA
03524000,NA,NA,NA
03528000,NA,NA,NA
03531500,NA,NA,NA
03540500,NA,NA,NA
03550000,NA,NA,NA
03568933,NA,NA,NA
03574500,NA,NA,NA
03598000,NA,NA,NA
03599500,NA,NA,NA
03604000,NA,NA,NA
03611260,NA,NA,NA
03612000,NA,NA,NA
04015330,6,10,5
04024000,28,20,2
04024430,4,20,4
04027000,NA,NA,NA
04027500,NA,NA,NA
04036000,NA,NA,NA
04037500,NA,NA,NA
04040000,27,20,27
04040500,NA,NA,NA
04041500,3,20,3
04043050,NA,NA,NA
04045500,NA,NA,NA
04056500,NA,NA,NA
04057510,3,20,3
04057800,NA,NA,NA
04058200,NA,NA,NA
04059000,NA,NA,NA
04059500,NA,NA,NA
04060993,NA,NA,NA
04062000,NA,NA,NA
04062500,NA,NA,NA
04063000,NA,NA,NA
04063700,NA,NA,NA
04069500,NA,NA,NA
04071000,NA,NA,NA
04073500,NA,NA,NA
04074950,NA,NA,NA
04079000,NA,NA,NA
04085200,NA,NA,NA
04085427,NA,NA,NA
04086000,NA,NA,NA
04086600,NA,NA,NA
04087000,NA,NA,NA
04087030,NA,NA,NA
04087088,NA,NA,NA
04087120,NA,NA,NA
04087204,NA,NA,NA
04087220,NA,NA,NA
04087240,NA,NA,NA
04087257,NA,NA,NA
04093000,NA,NA,NA
04094000,NA,NA,NA
04096405,NA,NA,NA
04096515,NA,NA,NA
04097540,NA,NA,NA
04099000,NA,NA,NA
04099510,NA,NA,NA
04099750,NA,NA,NA
04100222,NA,NA,NA
04100500,NA,NA,NA
04101000,NA,NA,NA
04101500,NA,NA,NA
04101800,NA,NA,NA
04102500,NA,NA,NA
04102700,NA,NA,NA
04105000,3,20,3
04105500,NA,NA,NA
04105700,NA,NA,NA
04106400,NA,NA,NA
04108600,NA,NA,NA
04108800,NA,NA,NA
04109000,NA,NA,NA
04112000,NA,NA,NA
04112500,NA,NA,NA
04113000,NA,NA,NA
04115000,NA,NA,NA
04116000,NA,NA,NA
04117500,NA,NA,NA
04119000,NA,NA,NA
04121300,16,20,3
04121500,10,20,10
04122100,NA,NA,NA
04122200,NA,NA,NA
04122500,18,20,18
04124000,NA,NA,NA
04127800,NA,NA,NA
04127997,NA,NA,NA
04128990,NA,NA,NA
04135700,17,5,7
04136500,NA,NA,NA
04142000,NA,NA,NA
04146000,NA,NA,NA
04146063,NA,NA,NA
04147500,NA,NA,NA
04148140,NA,NA,NA
04148500,NA,NA,NA
04151500,NA,NA,NA
04154000,NA,NA,NA
04156000,NA,NA,NA
04159492,NA,NA,NA
04160600,NA,NA,NA
04163400,NA,NA,NA
04164000,NA,NA,NA
04164100,NA,NA,NA
04164300,NA,NA,NA
04164500,NA,NA,NA
04165500,NA,NA,NA
04166300,NA,NA,NA
04166500,NA,NA,NA
04172000,NA,NA,NA
04174500,NA,NA,NA
04176500,NA,NA,NA
04177000,NA,NA,NA
04177720,NA,NA,NA
04178000,NA,NA,NA
04180000,NA,NA,NA
04181500,NA,NA,NA
04182000,NA,NA,NA
04183000,NA,NA,NA
04185000,NA,NA,NA
04186500,NA,NA,NA
04189000,NA,NA,NA
04191500,NA,NA,NA
04192500,NA,NA,NA
04193500,NA,NA,NA
04195500,NA,NA,NA
04196800,NA,NA,NA
04197100,NA,NA,NA
04198000,NA,NA,NA
04200500,NA,NA,NA
04201500,NA,NA,NA
04202000,NA,NA,NA
04206000,NA,NA,NA
04207200,NA,NA,NA
04208000,NA,NA,NA
04212100,NA,NA,NA
04213000,NA,NA,NA
04213500,NA,NA,NA
04215000,NA,NA,NA
04215500,NA,NA,NA
04216418,NA,NA,NA
04217000,NA,NA,NA
04218000,NA,NA,NA
04218518,NA,NA,NA
04221000,NA,NA,NA
04223000,NA,NA,NA
04224775,NA,NA,NA
04227000,NA,NA,NA
04227500,NA,NA,NA
04228500,NA,NA,NA
04229500,NA,NA,NA
04230380,NA,NA,NA
04230500,NA,NA,NA
04231000,NA,NA,NA
04231600,NA,NA,NA
04232050,NA,NA,NA
04232482,NA,NA,NA
04234000,NA,NA,NA
04239000,NA,NA,NA
04240010,NA,NA,NA
04243500,NA,NA,NA
04249000,NA,NA,NA
04252500,NA,NA,NA
04256000,NA,NA,NA
04258000,NA,NA,NA
04260500,NA,NA,NA
04262500,NA,NA,NA
04263000,NA,NA,NA
04266500,NA,NA,NA
04268000,9,5,3
04269000,8,20,8
04273500,2,20,2
04280000,NA,NA,NA
04282000,NA,NA,NA
04282500,NA,NA,NA
04285500,NA,NA,NA
04286000,NA,NA,NA
04287000,NA,NA,NA
04288000,NA,NA,NA
04289000,NA,NA,NA
04290500,NA,NA,NA
04292000,NA,NA,NA
04292500,NA,NA,NA
04296000,NA,NA,NA
04296500,NA,NA,NA
05014500,4,10,1
05017500,NA,NA,NA
05046000,NA,NA,NA
05050000,NA,NA,NA
05051522,NA,NA,NA
05053000,NA,NA,NA
05054000,NA,NA,NA
05054500,NA,NA,NA
05056000,NA,NA,NA
05057000,NA,NA,NA
05057200,NA,NA,NA
05058000,NA,NA,NA
05058700,NA,NA,NA
05059000,NA,NA,NA
05059500,NA,NA,NA
05059700,NA,NA,NA
05060500,NA,NA,NA
05062000,NA,NA,NA
05064000,NA,NA,NA
05066500,NA,NA,NA
05069000,NA,NA,NA
05076000,4,20,4
05078000,22,20,10
05078230,6,20,6
05078500,NA,NA,NA
05079000,19,20,19
05084000,NA,NA,NA
05085000,NA,NA,NA
05090000,NA,NA,NA
05104500,NA,NA,NA
05116500,NA,NA,NA
05120500,NA,NA,NA
05123400,NA,NA,NA
05124480,10,20,10
05127000,NA,NA,NA
05127500,10,20,10
05129115,18,20,18
05131500,25,20,2
05211000,NA,NA,NA
05227500,18,20,18
05245100,NA,NA,NA
05247500,NA,NA,NA
05267000,14,20,14
05280000,NA,NA,NA
05286000,NA,NA,NA
05287890,NA,NA,NA
05291000,NA,NA,NA
05292000,NA,NA,NA
05293000,NA,NA,NA
05300000,NA,NA,NA
05304500,NA,NA,NA
05311000,NA,NA,NA
05313500,NA,NA,NA
05315000,NA,NA,NA
05316500,NA,NA,NA
05317000,NA,NA,NA
05319500,NA,NA,NA
05320000,NA,NA,NA
05320500,NA,NA,NA
05325000,NA,NA,NA
05330000,NA,NA,NA
05336700,NA,NA,NA
05340500,NA,NA,NA
05345000,NA,NA,NA
05353800,NA,NA,NA
05356000,NA,NA,NA
05356500,NA,NA,NA
05360500,NA,NA,NA
05362000,NA,NA,NA
05368000,NA,NA,NA
05369000,NA,NA,NA
05369500,NA,NA,NA
05370000,NA,NA,NA
05372995,NA,NA,NA
05379500,NA,NA,NA
05381000,NA,NA,NA
05382000,NA,NA,NA
05388250,NA,NA,NA
05391000,NA,NA,NA
05393500,NA,NA,NA
05394500,NA,NA,NA
05395000,NA,NA,NA
05397500,NA,NA,NA
05399500,NA,NA,NA
05404000,NA,NA,NA
05405000,NA,NA,NA
05406500,NA,NA,NA
05407000,NA,NA,NA
05408000,NA,NA,NA
05412500,NA,NA,NA
05413500,NA,NA,NA
05414000,NA,NA,NA
05414820,NA,NA,NA
05418500,NA,NA,NA
05419000,10,20,10
05421000,NA,NA,NA
05422000,NA,NA,NA
05425500,NA,NA,NA
05426000,NA,NA,NA
05426250,NA,NA,NA
05427948,NA,NA,NA
05429500,NA,NA,NA
05430150,55,5,44
05430175,NA,NA,NA
05430500,NA,NA,NA
05431486,NA,NA,NA
05432500,NA,NA,NA
05433000,NA,NA,NA
05434500,NA,NA,NA
05435500,8,20,8
05436500,NA,NA,NA
05437500,NA,NA,NA
05438500,NA,NA,NA
05439000,22,20,22
05439500,40,20,17
05440000,NA,NA,NA
05444000,NA,NA,NA
05446500,NA,NA,NA
05447500,NA,NA,NA
05449500,NA,NA,NA
05451500,NA,NA,NA
05451700,NA,NA,NA
05451900,NA,NA,NA
05452000,NA,NA,NA
05452200,NA,NA,NA
05453000,NA,NA,NA
05453100,NA,NA,NA
05454000,NA,NA,NA
05454300,5,20,5
05454500,NA,NA,NA
05455500,NA,NA,NA
05455700,NA,NA,NA
05457000,NA,NA,NA
05458000,NA,NA,NA
05458500,NA,NA,NA
05458900,NA,NA,NA
05459500,NA,NA,NA
05463000,NA,NA,NA
05464000,NA,NA,NA
05464500,NA,NA,NA
05465000,NA,NA,NA
05465500,NA,NA,NA
05466000,NA,NA,NA
05466500,NA,NA,NA
05469000,NA,NA,NA
05470500,NA,NA,NA
05471500,NA,NA,NA
05472500,NA,NA,NA
05473400,NA,NA,NA
05474000,NA,NA,NA
05476000,NA,NA,NA
05476750,NA,NA,NA
05479000,NA,NA,NA
05480500,NA,NA,NA
05481000,NA,NA,NA
05481300,NA,NA,NA
05481650,NA,NA,NA
05481950,NA,NA,NA
05482300,NA,NA,NA
05482500,NA,NA,NA
05483450,NA,NA,NA
05483600,NA,NA,NA
05484000,NA,NA,NA
05484500,NA,NA,NA
05484800,NA,NA,NA
05485500,NA,NA,NA
05486000,NA,NA,NA
05486490,NA,NA,NA
05487470,10,20,10
05487980,23,10,11
05488500,NA,NA,NA
05489000,NA,NA,NA
05489500,NA,NA,NA
05490500,NA,NA,NA
05495000,NA,NA,NA
05495500,NA,NA,NA
05496000,NA,NA,NA
05500000,NA,NA,NA
05501000,NA,NA,NA
05502000,NA,NA,NA
05502300,NA,NA,NA
05503800,NA,NA,NA
05504800,NA,NA,NA
05506800,NA,NA,NA
05507600,NA,NA,NA
05507800,NA,NA,NA
05508000,NA,NA,NA
05508805,NA,NA,NA
05512500,NA,NA,NA
05514500,NA,NA,NA
05515500,NA,NA,NA
05516500,NA,NA,NA
05517000,NA,NA,NA
05517500,NA,NA,NA
05517530,NA,NA,NA
05518000,NA,NA,NA
05520500,NA,NA,NA
05522500,NA,NA,NA
05524500,NA,NA,NA
05525000,NA,NA,NA
05525500,NA,NA,NA
05526000,NA,NA,NA
05527500,NA,NA,NA
05527800,NA,NA,NA
05528000,NA,NA,NA
05528500,NA,NA,NA
05529000,NA,NA,NA
05529500,NA,NA,NA
05530990,NA,NA,NA
05531500,NA,NA,NA
05532000,NA,NA,NA
05532500,NA,NA,NA
05533000,NA,NA,NA
05534500,NA,NA,NA
05535000,NA,NA,NA
05535070,NA,NA,NA
05535500,NA,NA,NA
05536000,NA,NA,NA
05536195,11,10,3
05536215,NA,NA,NA
05536235,NA,NA,NA
05536255,NA,NA,NA
05536275,NA,NA,NA
05536290,NA,NA,NA
05536340,NA,NA,NA
05536500,NA,NA,NA
05537500,NA,NA,NA
05539000,NA,NA,NA
05539900,NA,NA,NA
05540095,NA,NA,NA
05540500,NA,NA,NA
05543500,NA,NA,NA
05543830,NA,NA,NA
05544200,NA,NA,NA
05548280,NA,NA,NA
05550500,NA,NA,NA
05551200,26,20,26
05551700,42,20,12
05552500,NA,NA,NA
05554500,NA,NA,NA
05555300,NA,NA,NA
05556500,NA,NA,NA
05558300,NA,NA,NA
05567500,NA,NA,NA
05568500,NA,NA,NA
05568800,NA,NA,NA
05569500,NA,NA,NA
05570000,NA,NA,NA
05570910,NA,NA,NA
05572000,NA,NA,NA
05576000,NA,NA,NA
05577500,NA,NA,NA
05578500,NA,NA,NA
05579500,NA,NA,NA
05580000,NA,NA,NA
05580950,NA,NA,NA
05582000,NA,NA,NA
05583000,NA,NA,NA
05584500,NA,NA,NA
05585000,NA,NA,NA
05587000,NA,NA,NA
05587900,NA,NA,NA
05588000,NA,NA,NA
05590800,NA,NA,NA
05591200,NA,NA,NA
05591550,NA,NA,NA
05591700,NA,NA,NA
05592000,NA,NA,NA
05592050,NA,NA,NA
05592100,NA,NA,NA
05592500,NA,NA,NA
05592800,NA,NA,NA
05592900,NA,NA,NA
05593000,NA,NA,NA
05593575,NA,NA,NA
05593900,NA,NA,NA
05594000,NA,NA,NA
05594100,NA,NA,NA
05594450,NA,NA,NA
05594800,NA,NA,NA
05595200,NA,NA,NA
05595730,NA,NA,NA
05597000,NA,NA,NA
05597500,NA,NA,NA
06019500,12,20,12
06020600,NA,NA,NA
06025500,2,20,2
06036650,12,20,12
06038500,23,5,12
06052500,NA,NA,NA
06054500,NA,NA,NA
06066500,NA,NA,NA
06088500,NA,NA,NA
06089000,54,10,1
06091700,8,10,3
06093200,17,20,10
06101500,57,5,6
06108000,NA,NA,NA
06120500,NA,NA,NA
06126500,NA,NA,NA
06130500,NA,NA,NA
06154400,NA,NA,NA
06191500,NA,NA,NA
06192500,NA,NA,NA
06195600,NA,NA,NA
06200000,NA,NA,NA
06204050,NA,NA,NA
06207500,NA,NA,NA
06214500,NA,NA,NA
06224000,NA,NA,NA
06228000,NA,NA,NA
06235500,NA,NA,NA
06279500,NA,NA,NA
06281000,NA,NA,NA
06285100,NA,NA,NA
06289000,NA,NA,NA
06294000,NA,NA,NA
06306300,NA,NA,NA
06307500,NA,NA,NA
06307616,NA,NA,NA
06308500,NA,NA,NA
06309200,NA,NA,NA
06317000,NA,NA,NA
06324500,NA,NA,NA
06326500,NA,NA,NA
06332515,NA,NA,NA
06334500,NA,NA,NA
06335500,NA,NA,NA
06337000,NA,NA,NA
06339100,NA,NA,NA
06339500,NA,NA,NA
06340000,NA,NA,NA
06340500,NA,NA,NA
06342260,NA,NA,NA
06344600,NA,NA,NA
06345500,NA,NA,NA
06349000,NA,NA,NA
06350000,NA,NA,NA
06352000,NA,NA,NA
06353000,NA,NA,NA
06354000,NA,NA,NA
06355500,NA,NA,NA
06357800,NA,NA,NA
06359500,NA,NA,NA
06360500,NA,NA,NA
06395000,NA,NA,NA
06400000,NA,NA,NA
06402000,NA,NA,NA
06402500,NA,NA,NA
06403300,NA,NA,NA
06404000,NA,NA,NA
06404998,NA,NA,NA
06406000,NA,NA,NA
06408700,117,20,2
06409000,NA,NA,NA
06410500,NA,NA,NA
06411500,33,20,33
06412500,46,10,36
06414000,45,10,2
06421500,NA,NA,NA
06422500,NA,NA,NA
06423500,NA,NA,NA
06425100,NA,NA,NA
06425500,NA,NA,NA
06430500,NA,NA,NA
06431500,NA,NA,NA
06433000,NA,NA,NA
06436000,NA,NA,NA
06436190,16,20,16
06437000,NA,NA,NA
06438000,NA,NA,NA
06441500,NA,NA,NA
06446000,NA,NA,NA
06447000,NA,NA,NA
06447500,NA,NA,NA
06449000,NA,NA,NA
06449100,NA,NA,NA
06449500,NA,NA,NA
06450500,NA,NA,NA
06452000,1,20,1
06453600,NA,NA,NA
06461500,NA,NA,NA
06463500,NA,NA,NA
06464100,NA,NA,NA
06464500,NA,NA,NA
06465500,NA,NA,NA
06468170,NA,NA,NA
06469400,NA,NA,NA
06470000,NA,NA,NA
06470500,NA,NA,NA
06470800,NA,NA,NA
06470878,NA,NA,NA
06471000,NA,NA,NA
06471200,NA,NA,NA
06471500,NA,NA,NA
06473000,NA,NA,NA
06476000,NA,NA,NA
06477000,NA,NA,NA
06477500,6,20,6
06478690,10,20,10
06479438,NA,NA,NA
06479525,NA,NA,NA
06480000,NA,NA,NA
06481000,11,20,11
06482020,11,20,11
06483500,69,20,4
06485500,20,20,20
06600100,NA,NA,NA
06600500,NA,NA,NA
06601000,11,20,11
06605000,NA,NA,NA
06605850,NA,NA,NA
06606600,NA,NA,NA
06607200,NA,NA,NA
06607500,NA,NA,NA
06608500,NA,NA,NA
06609500,NA,NA,NA
06614800,NA,NA,NA
06620000,NA,NA,NA
06622700,NA,NA,NA
06623800,NA,NA,NA
06625000,NA,NA,NA
06630000,NA,NA,NA
06632400,NA,NA,NA
06635000,NA,NA,NA
06657000,12,20,1
06670500,NA,NA,NA
06712000,NA,NA,NA
06714215,2,20,2
06719505,NA,NA,NA
06730500,NA,NA,NA
06741510,12,20,12
06746110,NA,NA,NA
06752260,NA,NA,NA
06752280,NA,NA,NA
06775500,NA,NA,NA
06784000,NA,NA,NA
06785000,NA,NA,NA
06786000,NA,NA,NA
06790500,NA,NA,NA
06793000,NA,NA,NA
06794000,NA,NA,NA
06797500,NA,NA,NA
06799000,NA,NA,NA
06799100,NA,NA,NA
06799350,NA,NA,NA
06799500,7,20,7
06800000,10,20,10
06800500,8,20,8
06803000,26,20,2
06803500,12,10,5
06803510,NA,NA,NA
06803520,11,10,8
06803530,NA,NA,NA
06803555,NA,NA,NA
06804000,NA,NA,NA
06806500,93,10,1
06807410,10,20,10
06808500,45,10,6
06809210,42,10,8
06809500,42,10,8
06810000,43,10,8
06811500,12,5,3
06814000,5,20,5
06815000,1,20,1
06817000,45,10,8
06820500,NA,NA,NA
06821150,NA,NA,NA
06821190,NA,NA,NA
06821500,NA,NA,NA
06823500,NA,NA,NA
06827500,377,20,377
06828500,NA,NA,NA
06834000,377,20,4
06835500,NA,NA,NA
06836500,NA,NA,NA
06837000,278,20,24
06838000,171,5,94
06843500,NA,NA,NA
06844500,107,10,24
06846500,305,20,305
06847500,NA,NA,NA
06847900,NA,NA,NA
06848500,NA,NA,NA
06853800,NA,NA,NA
06860000,2,20,2
06861000,NA,NA,NA
06862700,NA,NA,NA
06862850,NA,NA,NA
06863500,NA,NA,NA
06864500,NA,NA,NA
06865500,NA,NA,NA
06866500,NA,NA,NA
06866900,NA,NA,NA
06867000,NA,NA,NA
06868200,69,5,67
06869500,9,10,2
06871000,38,20,38
06871500,NA,NA,NA
06872500,42,20,42
06873000,NA,NA,NA
06873460,38,20,38
06874000,49,20,4
06875900,1,20,1
06876700,NA,NA,NA
06876900,NA,NA,NA
06877600,NA,NA,NA
06878000,NA,NA,NA
06879650,NA,NA,NA
06880800,82,10,1
06881000,26,10,24
06882000,8,5,2
06883000,27,5,27
06884000,22,5,15
06884025,21,5,12
06884200,25,5,6
06884400,22,5,11
06885500,NA,NA,NA
06887000,NA,NA,NA
06888500,NA,NA,NA
06889200,NA,NA,NA
06889500,NA,NA,NA
06890100,NA,NA,NA
06890900,NA,NA,NA
06891500,NA,NA,NA
06892000,NA,NA,NA
06893080,NA,NA,NA
06893300,NA,NA,NA
06893500,NA,NA,NA
06894000,4,20,4
06897500,NA,NA,NA
06898000,15,20,15
06899500,12,20,12
06902000,NA,NA,NA
06903400,2,20,2
06903700,NA,NA,NA
06903900,134,20,7
06904500,24,20,1
06905500,25,10,2
06906200,NA,NA,NA
06908000,NA,NA,NA
06910800,NA,NA,NA
06911900,NA,NA,NA
06912500,NA,NA,NA
06913000,NA,NA,NA
06913500,NA,NA,NA
06915000,NA,NA,NA
06916600,NA,NA,NA
06917000,NA,NA,NA
06918440,NA,NA,NA
06918460,NA,NA,NA
06918740,NA,NA,NA
06919020,NA,NA,NA
06919500,NA,NA,NA
06919900,NA,NA,NA
06921070,NA,NA,NA
06921200,NA,NA,NA
06921350,NA,NA,NA
06926000,NA,NA,NA
06932000,NA,NA,NA
06933500,NA,NA,NA
07013000,NA,NA,NA
07014500,NA,NA,NA
07015720,NA,NA,NA
07016500,NA,NA,NA
07017200,NA,NA,NA
07018100,NA,NA,NA
07018500,NA,NA,NA
07019000,NA,NA,NA
07029500,NA,NA,NA
07037500,NA,NA,NA
07047942,NA,NA,NA
07050700,NA,NA,NA
07052500,NA,NA,NA
07056000,NA,NA,NA
07057500,NA,NA,NA
07060500,NA,NA,NA
07060710,NA,NA,NA
07061500,NA,NA,NA
07063000,NA,NA,NA
07066000,NA,NA,NA
07067000,NA,NA,NA
07068000,NA,NA,NA
07071500,NA,NA,NA
07072500,NA,NA,NA
07077380,NA,NA,NA
07083000,NA,NA,NA
07103700,NA,NA,NA
07103800,NA,NA,NA
07104000,NA,NA,NA
07105500,NA,NA,NA
07105800,NA,NA,NA
07105900,NA,NA,NA
07105945,NA,NA,NA
07106300,NA,NA,NA
07106500,NA,NA,NA
07108900,NA,NA,NA
07109500,NA,NA,NA
07116500,NA,NA,NA
07119500,NA,NA,NA
07121500,NA,NA,NA
07124000,NA,NA,NA
07124200,NA,NA,NA
07124410,NA,NA,NA
07126300,6,20,6
07128500,NA,NA,NA
07130500,NA,NA,NA
07140850,NA,NA,NA
07141200,NA,NA,NA
07141780,NA,NA,NA
07141900,NA,NA,NA
07142300,NA,NA,NA
07142575,NA,NA,NA
07143300,NA,NA,NA
07143665,NA,NA,NA
07144200,NA,NA,NA
07144780,NA,NA,NA
07144910,NA,NA,NA
07145200,NA,NA,NA
07145500,NA,NA,NA
07145700,NA,NA,NA
07147070,NA,NA,NA
07147800,NA,NA,NA
07148400,NA,NA,NA
07149000,NA,NA,NA
07151000,NA,NA,NA
07151500,NA,NA,NA
07152000,NA,NA,NA
07153000,NA,NA,NA
07154500,NA,NA,NA
07156900,NA,NA,NA
07157500,NA,NA,NA
07158000,NA,NA,NA
07159100,NA,NA,NA
07166500,NA,NA,NA
07167500,NA,NA,NA
07169500,NA,NA,NA
07169800,NA,NA,NA
07170500,NA,NA,NA
07171000,NA,NA,NA
07172000,NA,NA,NA
07175500,NA,NA,NA
07176000,NA,NA,NA
07176500,NA,NA,NA
07177500,NA,NA,NA
07179500,NA,NA,NA
07179730,NA,NA,NA
07179795,NA,NA,NA
07180400,NA,NA,NA
07180500,NA,NA,NA
07182250,NA,NA,NA
07182510,NA,NA,NA
07183000,NA,NA,NA
07183500,NA,NA,NA
07184000,NA,NA,NA
07185000,NA,NA,NA
07186000,NA,NA,NA
07187000,NA,NA,NA
07188000,NA,NA,NA
07189000,NA,NA,NA
07191000,NA,NA,NA
07191220,NA,NA,NA
07191500,NA,NA,NA
07195500,NA,NA,NA
07195800,NA,NA,NA
07195855,NA,NA,NA
07196500,NA,NA,NA
07196900,NA,NA,NA
07197000,NA,NA,NA
07198000,NA,NA,NA
07203000,NA,NA,NA
07206000,NA,NA,NA
07207000,13,10,9
07207500,NA,NA,NA
07208500,NA,NA,NA
07211500,NA,NA,NA
07215500,NA,NA,NA
07216500,NA,NA,NA
07218000,20,20,2
07221500,NA,NA,NA
07226500,9,20,9
07227000,NA,NA,NA
07227100,NA,NA,NA
07227500,NA,NA,NA
07230000,NA,NA,NA
07230500,NA,NA,NA
07231000,NA,NA,NA
07234000,NA,NA,NA
07235000,NA,NA,NA
07237500,NA,NA,NA
07238000,NA,NA,NA
07239500,NA,NA,NA
07241000,NA,NA,NA
07241550,NA,NA,NA
07242000,NA,NA,NA
07243500,NA,NA,NA
07247000,NA,NA,NA
07247500,NA,NA,NA
07249400,NA,NA,NA
07249985,NA,NA,NA
07260500,NA,NA,NA
07261000,NA,NA,NA
07264000,NA,NA,NA
07274000,NA,NA,NA
07283000,NA,NA,NA
07289350,NA,NA,NA
07290000,NA,NA,NA
07291000,NA,NA,NA
07297910,NA,NA,NA
07299540,NA,NA,NA
07299670,NA,NA,NA
07300000,NA,NA,NA
07300500,NA,NA,NA
07301110,NA,NA,NA
07301500,NA,NA,NA
07303000,NA,NA,NA
07305000,NA,NA,NA
07311000,NA,NA,NA
07311500,NA,NA,NA
07311700,NA,NA,NA
07311800,NA,NA,NA
07312100,NA,NA,NA
07312200,NA,NA,NA
07312500,NA,NA,NA
07312700,NA,NA,NA
07314500,NA,NA,NA
07314900,NA,NA,NA
07315200,NA,NA,NA
07315700,NA,NA,NA
07316500,NA,NA,NA
07325000,NA,NA,NA
07325800,NA,NA,NA
07326000,NA,NA,NA
07326500,NA,NA,NA
07328500,NA,NA,NA
07331000,NA,NA,NA
07332500,NA,NA,NA
07334000,NA,NA,NA
07335700,NA,NA,NA
07335790,NA,NA,NA
07336200,NA,NA,NA
07337900,NA,NA,NA
07338500,NA,NA,NA
07339000,NA,NA,NA
07340000,NA,NA,NA
07340300,NA,NA,NA
07341200,NA,NA,NA
07342500,NA,NA,NA
07343000,NA,NA,NA
07343200,NA,NA,NA
07343500,NA,NA,NA
07346045,NA,NA,NA
07346070,NA,NA,NA
07348700,NA,NA,NA
07352000,NA,NA,NA
07356000,NA,NA,NA
07359002,NA,NA,NA
07361500,NA,NA,NA
07362000,NA,NA,NA
07362100,NA,NA,NA
07363500,NA,NA,NA
07364200,NA,NA,NA
07366200,NA,NA,NA
07369500,NA,NA,NA
07373000,NA,NA,NA
07375000,NA,NA,NA
07375500,NA,NA,NA
07376000,NA,NA,NA
07376500,NA,NA,NA
07377000,NA,NA,NA
07378500,NA,NA,NA
07385700,NA,NA,NA
08010000,NA,NA,NA
08012000,NA,NA,NA
08013000,NA,NA,NA
08013500,NA,NA,NA
08014500,NA,NA,NA
08017200,NA,NA,NA
08017300,NA,NA,NA
08017410,NA,NA,NA
08018500,NA,NA,NA
08019000,NA,NA,NA
08019500,NA,NA,NA
08022040,NA,NA,NA
08023080,NA,NA,NA
08025360,NA,NA,NA
08026000,NA,NA,NA
08028000,NA,NA,NA
08028500,NA,NA,NA
08029500,NA,NA,NA
08030500,NA,NA,NA
08033500,NA,NA,NA
08036500,NA,NA,NA
08041000,NA,NA,NA
08041500,NA,NA,NA
08041700,NA,NA,NA
08042800,NA,NA,NA
08044500,NA,NA,NA
08047000,NA,NA,NA
08047500,NA,NA,NA
08048000,NA,NA,NA
08048543,NA,NA,NA
08049500,NA,NA,NA
08049700,NA,NA,NA
08050100,NA,NA,NA
08051500,NA,NA,NA
08052700,NA,NA,NA
08053000,NA,NA,NA
08053500,NA,NA,NA
08055500,NA,NA,NA
08057000,NA,NA,NA
08061540,NA,NA,NA
08061750,NA,NA,NA
08062000,NA,NA,NA
08062500,NA,NA,NA
08062700,NA,NA,NA
08063100,NA,NA,NA
08063800,NA,NA,NA
08064700,NA,NA,NA
08065000,NA,NA,NA
08065800,NA,NA,NA
08066200,NA,NA,NA
08066300,NA,NA,NA
08066500,NA,NA,NA
08068000,NA,NA,NA
08068500,NA,NA,NA
08068720,NA,NA,NA
08068740,NA,NA,NA
08069000,NA,NA,NA
08070000,NA,NA,NA
08070500,NA,NA,NA
08073600,NA,NA,NA
08074500,NA,NA,NA
08075000,NA,NA,NA
08075730,NA,NA,NA
08075770,NA,NA,NA
08076000,NA,NA,NA
08078000,NA,NA,NA
08079600,NA,NA,NA
08082000,NA,NA,NA
08082500,NA,NA,NA
08082700,NA,NA,NA
08083100,NA,NA,NA
08084000,NA,NA,NA
08084800,NA,NA,NA
08085500,NA,NA,NA
08086212,NA,NA,NA
08086290,NA,NA,NA
08091500,NA,NA,NA
08095000,NA,NA,NA
08100500,NA,NA,NA
08101000,NA,NA,NA
08102500,NA,NA,NA
08103800,1,20,1
08103900,NA,NA,NA
08104500,NA,NA,NA
08104700,40,10,20
08104900,NA,NA,NA
08105700,NA,NA,NA
08106500,NA,NA,NA
08109700,NA,NA,NA
08109800,NA,NA,NA
08110100,NA,NA,NA
08110325,NA,NA,NA
08110430,NA,NA,NA
08110500,NA,NA,NA
08115000,NA,NA,NA
08117500,NA,NA,NA
08121000,NA,NA,NA
08123800,NA,NA,NA
08123850,NA,NA,NA
08124000,2,20,2
08126380,34,20,11
08127000,NA,NA,NA
08134000,NA,NA,NA
08136000,NA,NA,NA
08136500,NA,NA,NA
08143600,NA,NA,NA
08150800,NA,NA,NA
08151500,NA,NA,NA
08153500,NA,NA,NA
08154700,NA,NA,NA
08155300,NA,NA,NA
08158600,NA,NA,NA
08158700,NA,NA,NA
08158810,NA,NA,NA
08159000,NA,NA,NA
08160800,NA,NA,NA
08162600,NA,NA,NA
08164000,NA,NA,NA
08164300,37,20,10
08164450,NA,NA,NA
08164503,NA,NA,NA
08164600,NA,NA,NA
08164800,NA,NA,NA
08165300,71,5,47
08165500,277,5,182
08167000,NA,NA,NA
08167500,NA,NA,NA
08167800,3,20,3
08168500,NA,NA,NA
08169000,2,20,2
08171000,1,20,1
08171300,2,20,2
08172000,NA,NA,NA
08172400,NA,NA,NA
08175000,NA,NA,NA
08175800,NA,NA,NA
08176500,NA,NA,NA
08176900,NA,NA,NA
08177500,NA,NA,NA
08178800,NA,NA,NA
08181400,NA,NA,NA
08181500,NA,NA,NA
08181800,NA,NA,NA
08183500,NA,NA,NA
08185000,NA,NA,NA
08186000,NA,NA,NA
08188500,NA,NA,NA
08189200,NA,NA,NA
08189500,NA,NA,NA
08189700,NA,NA,NA
08190000,44,20,11
08190500,NA,NA,NA
08192000,380,10,379
08193000,NA,NA,NA
08194000,NA,NA,NA
08194200,74,20,74
08194500,NA,NA,NA
08195000,314,5,4
08196000,4,5,4
08197500,380,20,380
08198000,225,10,3
08198500,NA,NA,NA
08200000,NA,NA,NA
08201500,NA,NA,NA
08202700,282,20,282
08206600,34,20,3
08208000,NA,NA,NA
08210000,NA,NA,NA
08211000,95,5,10
08211520,NA,NA,NA
08220000,NA,NA,NA
08245000,NA,NA,NA
08246500,NA,NA,NA
08247500,NA,NA,NA
08248000,NA,NA,NA
08249000,NA,NA,NA
08251500,NA,NA,NA
08255500,34,20,9
08263500,NA,NA,NA
08265000,NA,NA,NA
08266820,NA,NA,NA
08267500,80,20,54
08269000,31,20,31
08271000,81,10,28
08276300,2,20,2
08276500,NA,NA,NA
08279000,NA,NA,NA
08279500,NA,NA,NA
08284100,NA,NA,NA
08285500,NA,NA,NA
08286500,34,20,3
08287000,108,20,1
08289000,NA,NA,NA
08290000,106,10,1
08291000,NA,NA,NA
08294210,8,20,8
08313000,37,5,9
08316000,21,20,21
08317400,10,5,7
08317950,NA,NA,NA
08319000,NA,NA,NA
08324000,3,20,3
08330000,10,5,6
08353000,1,20,1
08361000,NA,NA,NA
08377900,NA,NA,NA
08378500,NA,NA,NA
08379500,NA,NA,NA
08380500,NA,NA,NA
08382500,NA,NA,NA
08382600,NA,NA,NA
08382650,NA,NA,NA
08382830,NA,NA,NA
08383500,2,20,2
08384500,NA,NA,NA
08386000,NA,NA,NA
08387000,NA,NA,NA
08390500,NA,NA,NA
08390800,NA,NA,NA
08395500,NA,NA,NA
08396500,NA,NA,NA
08398500,48,20,48
08400000,48,20,48
08401900,380,20,380
08405150,284,20,284
08405500,NA,NA,NA
08408500,NA,NA,NA
08477110,340,5,1
09010500,NA,NA,NA
09024000,NA,NA,NA
09025000,NA,NA,NA
09026500,NA,NA,NA
09032000,NA,NA,NA
09034250,NA,NA,NA
09034900,NA,NA,NA
09035500,NA,NA,NA
09035700,NA,NA,NA
09035900,NA,NA,NA
09036000,NA,NA,NA
09037500,NA,NA,NA
09038500,NA,NA,NA
09046600,NA,NA,NA
09047700,NA,NA,NA
09050100,NA,NA,NA
09050700,NA,NA,NA
09057500,NA,NA,NA
09058000,NA,NA,NA
09059500,NA,NA,NA
09063000,NA,NA,NA
09063900,2,20,2
09064000,2,20,2
09065100,NA,NA,NA
09065500,NA,NA,NA
09066000,NA,NA,NA
09066200,NA,NA,NA
09066300,NA,NA,NA
09067000,NA,NA,NA
09070000,NA,NA,NA
09070500,NA,NA,NA
09073300,NA,NA,NA
09073400,NA,NA,NA
09080400,12,5,9
09081600,3,20,3
09085000,12,20,12
09085100,NA,NA,NA
09095500,NA,NA,NA
09109000,NA,NA,NA
09110000,NA,NA,NA
09112500,NA,NA,NA
09114500,3,20,3
09118450,NA,NA,NA
09119000,NA,NA,NA
09124500,NA,NA,NA
09126000,NA,NA,NA
09128000,6,20,6
09132500,1,20,1
09144250,6,20,6
09146200,NA,NA,NA
09147000,NA,NA,NA
09147500,NA,NA,NA
09149500,NA,NA,NA
09152500,4,20,4
09163500,3,20,3
09166500,NA,NA,NA
09169500,106,10,2
09171100,131,10,4
09172500,NA,NA,NA
09180000,NA,NA,NA
09180500,2,20,2
09188500,NA,NA,NA
09205000,NA,NA,NA
09209400,NA,NA,NA
09210500,NA,NA,NA
09211200,NA,NA,NA
09217000,NA,NA,NA
09223000,NA,NA,NA
09224700,NA,NA,NA
09234500,NA,NA,NA
09239500,NA,NA,NA
09251000,NA,NA,NA
09253000,NA,NA,NA
09255000,NA,NA,NA
09260000,NA,NA,NA
09261000,NA,NA,NA
09261700,36,5,20
09266500,32,10,8
09277500,5,20,5
09279000,NA,NA,NA
09288180,NA,NA,NA
09289500,3,20,3
09291000,NA,NA,NA
09292500,3,20,3
09299500,NA,NA,NA
09302000,5,20,5
09304200,34,20,23
09304500,34,20,21
09304800,35,20,21
09306200,NA,NA,NA
09306222,4,20,4
09306242,NA,NA,NA
09310500,NA,NA,NA
09312600,NA,NA,NA
09315000,NA,NA,NA
09326500,NA,NA,NA
09328500,2,20,2
09330000,9,5,6
09330500,NA,NA,NA
09337000,64,5,11
09337500,10,10,4
09342500,58,20,26
09346400,62,20,27
09349800,62,20,24
09352900,NA,NA,NA
09354500,11,10,3
09355500,65,5,6
09361500,NA,NA,NA
09363500,NA,NA,NA
09364500,NA,NA,NA
09365000,NA,NA,NA
09368000,NA,NA,NA
09371000,3,20,3
09371010,NA,NA,NA
09372000,7,5,1
09378630,100,10,8
09379200,5,20,5
09379500,NA,NA,NA
09380000,NA,NA,NA
09382000,NA,NA,NA
09384000,9,5,6
09386030,NA,NA,NA
09386900,1,20,1
09386950,295,20,295
09390500,NA,NA,NA
09394500,NA,NA,NA
09401260,NA,NA,NA
09402000,5,20,5
09403600,NA,NA,NA
09404450,NA,NA,NA
09405500,94,5,3
09406000,7,20,7
09408000,121,20,104
09408150,93,20,4
09408400,60,10,4
09413200,NA,NA,NA
09415000,NA,NA,NA
09416000,NA,NA,NA
09418500,NA,NA,NA
09419000,NA,NA,NA
09423350,117,20,117
09424450,10,20,6
09426000,NA,NA,NA
09429490,18,10,6
09429600,40,20,40
09430500,290,5,28
09430600,NA,NA,NA
09431500,321,5,6
09432000,325,5,11
09444000,320,5,16
09444500,319,5,13
09447000,10,5,6
09447800,NA,NA,NA
09448500,346,5,310
09466500,NA,NA,NA
09468500,311,20,45
09469500,NA,NA,NA
09471000,272,5,2
09474000,NA,NA,NA
09480500,12,20,12
09489000,NA,NA,NA
09489500,149,5,3
09490500,348,5,219
09492400,313,5,12
09494000,314,5,8
09496500,13,5,10
09497500,312,5,10
09497800,11,10,4
09497980,296,5,41
09498400,77,20,4
09498500,311,5,92
09499000,NA,NA,NA
09503700,11,5,8
09504000,40,5,10
09504420,NA,NA,NA
09504500,NA,NA,NA
09505350,380,20,380
09505800,11,5,10
09507980,40,20,2
09508300,34,20,34
09510000,NA,NA,NA
09510200,297,20,37
09511300,NA,NA,NA
09512280,380,20,72
09512500,NA,NA,NA
09512800,11,20,11
09513780,13,20,13
09513860,11,20,11
09519800,NA,NA,NA
09520500,NA,NA,NA
09522000,NA,NA,NA
09535300,NA,NA,NA
10011500,NA,NA,NA
10020100,6,20,6
10020300,NA,NA,NA
10032000,NA,NA,NA
10038000,NA,NA,NA
10068500,NA,NA,NA
10092700,NA,NA,NA
10109000,NA,NA,NA
10109001,NA,NA,NA
10126000,NA,NA,NA
10128500,NA,NA,NA
10130500,NA,NA,NA
10131000,6,20,6
10134500,NA,NA,NA
10136500,7,10,4
10137500,10,10,1
10141000,NA,NA,NA
10146400,58,20,58
10150500,NA,NA,NA
10154200,2,20,2
10155000,NA,NA,NA
10163000,NA,NA,NA
10171000,NA,NA,NA
10172700,132,20,132
10172800,NA,NA,NA
10172952,8,20,8
10173450,49,10,7
10174500,61,5,2
10183500,83,5,7
10189000,49,20,25
10194200,NA,NA,NA
10205030,17,20,17
10215900,NA,NA,NA
10217000,7,5,3
10219000,3,20,3
10224000,NA,NA,NA
10234500,14,20,14
10242000,9,20,9
10244950,NA,NA,NA
10249280,NA,NA,NA
10249300,NA,NA,NA
10254050,NA,NA,NA
10254730,3,20,3
10256500,28,10,1
10258000,NA,NA,NA
10258500,NA,NA,NA
10259000,NA,NA,NA
10259200,380,20,43
10259300,335,20,335
10259540,NA,NA,NA
10260500,NA,NA,NA
10260950,NA,NA,NA
10261500,NA,NA,NA
10262500,380,20,380
10263000,NA,NA,NA
10263500,NA,NA,NA
10293000,NA,NA,NA
10296000,NA,NA,NA
10296500,NA,NA,NA
10297500,NA,NA,NA
10301500,NA,NA,NA
10308200,NA,NA,NA
10309000,NA,NA,NA
10310000,NA,NA,NA
10311000,NA,NA,NA
10311100,NA,NA,NA
10311200,NA,NA,NA
10312000,NA,NA,NA
10312150,NA,NA,NA
10315500,NA,NA,NA
10316500,NA,NA,NA
10318500,NA,NA,NA
10321000,NA,NA,NA
10322500,NA,NA,NA
10324500,NA,NA,NA
10327500,NA,NA,NA
10329000,NA,NA,NA
10329500,NA,NA,NA
10333000,NA,NA,NA
10335000,NA,NA,NA
10336610,NA,NA,NA
10336645,NA,NA,NA
10336660,NA,NA,NA
10336676,NA,NA,NA
10336698,NA,NA,NA
10336715,NA,NA,NA
10336780,NA,NA,NA
10337500,NA,NA,NA
10338500,NA,NA,NA
10340500,NA,NA,NA
10343000,NA,NA,NA
10343500,NA,NA,NA
10344400,NA,NA,NA
10344500,NA,NA,NA
10346000,NA,NA,NA
10348000,NA,NA,NA
10348200,NA,NA,NA
10348460,15,5,6
10349300,NA,NA,NA
10350000,NA,NA,NA
10351600,NA,NA,NA
10351700,NA,NA,NA
10352500,NA,NA,NA
10396000,NA,NA,NA
11012500,NA,NA,NA
11015000,NA,NA,NA
11022480,NA,NA,NA
11023000,NA,NA,NA
11023340,NA,NA,NA
11025500,27,20,27
11028500,3,20,3
11042400,91,5,88
11043000,NA,NA,NA
11044000,NA,NA,NA
11046000,NA,NA,NA
11051500,NA,NA,NA
11055500,NA,NA,NA
11055800,NA,NA,NA
11057500,NA,NA,NA
11058500,NA,NA,NA
11059300,6,20,6
11060400,NA,NA,NA
11062000,NA,NA,NA
11062001,NA,NA,NA
11063680,NA,NA,NA
11066460,16,10,8
11070500,7,20,7
11073360,12,20,12
11073495,NA,NA,NA
11074000,38,20,38
11075720,50,20,50
11075800,NA,NA,NA
11077500,50,20,50
11078000,49,20,49
11085000,25,20,25
11087020,63,20,24
11088500,NA,NA,NA
11089500,NA,NA,NA
11097000,122,20,122
11098000,NA,NA,NA
11101250,45,5,12
11102300,NA,NA,NA
11109600,11,10,4
11109800,NA,NA,NA
11113500,NA,NA,NA
11118500,NA,NA,NA
11119500,NA,NA,NA
11119750,NA,NA,NA
11119940,NA,NA,NA
11120000,37,20,37
11120500,NA,NA,NA
11123000,54,20,54
11123500,NA,NA,NA
11124500,NA,NA,NA
11132500,NA,NA,NA
11133000,NA,NA,NA
11136800,NA,NA,NA
11140000,83,20,83
11141280,NA,NA,NA
11143000,NA,NA,NA
11143200,NA,NA,NA
11143250,NA,NA,NA
11147500,NA,NA,NA
11148900,18,20,3
11149400,NA,NA,NA
11149900,26,20,26
11150500,NA,NA,NA
11151300,NA,NA,NA
11152000,NA,NA,NA
11152300,NA,NA,NA
11152500,NA,NA,NA
11156500,40,20,40
11158600,NA,NA,NA
11159000,NA,NA,NA
11159200,NA,NA,NA
11160000,NA,NA,NA
11160500,NA,NA,NA
11162500,NA,NA,NA
11162630,NA,NA,NA
11164500,NA,NA,NA
11169500,NA,NA,NA
11176400,NA,NA,NA
11176500,NA,NA,NA
11179000,2,20,2
11180500,33,20,33
11180700,NA,NA,NA
11180960,NA,NA,NA
11181008,NA,NA,NA
11182500,NA,NA,NA
11186000,NA,NA,NA
11192500,NA,NA,NA
11200800,NA,NA,NA
11214600,NA,NA,NA
11216500,NA,NA,NA
11218400,NA,NA,NA
11224500,32,20,32
11230215,NA,NA,NA
11230500,NA,NA,NA
11231500,NA,NA,NA
11234760,NA,NA,NA
11237500,NA,NA,NA
11242000,NA,NA,NA
11244000,NA,NA,NA
11246500,NA,NA,NA
11251000,NA,NA,NA
11253310,NA,NA,NA
11264500,NA,NA,NA
11266500,NA,NA,NA
11270900,NA,NA,NA
11274000,7,20,7
11274500,65,20,65
11274630,NA,NA,NA
11276500,NA,NA,NA
11276600,NA,NA,NA
11276900,NA,NA,NA
11277300,NA,NA,NA
11278000,NA,NA,NA
11278300,NA,NA,NA
11278400,NA,NA,NA
11284400,NA,NA,NA
11289650,NA,NA,NA
11290000,NA,NA,NA
11292000,NA,NA,NA
11292900,NA,NA,NA
11294000,NA,NA,NA
11294500,NA,NA,NA
11296500,NA,NA,NA
11298000,NA,NA,NA
11302000,NA,NA,NA
11303000,NA,NA,NA
11314500,NA,NA,NA
11315000,NA,NA,NA
11316800,NA,NA,NA
11317000,NA,NA,NA
11318500,NA,NA,NA
11319500,NA,NA,NA
11323500,NA,NA,NA
11335000,NA,NA,NA
11342000,NA,NA,NA
11345500,NA,NA,NA
11348500,NA,NA,NA
11355010,19,20,19
11362500,NA,NA,NA
11363000,NA,NA,NA
11365000,NA,NA,NA
11367500,NA,NA,NA
11367800,NA,NA,NA
11368000,NA,NA,NA
11370500,NA,NA,NA
11372000,NA,NA,NA
11374000,NA,NA,NA
11376000,NA,NA,NA
11376550,NA,NA,NA
11377100,NA,NA,NA
11379500,NA,NA,NA
11381500,NA,NA,NA
11383500,NA,NA,NA
11389500,NA,NA,NA
11390000,NA,NA,NA
11390500,NA,NA,NA
11395030,NA,NA,NA
11395200,NA,NA,NA
11396200,NA,NA,NA
11399500,NA,NA,NA
11400500,NA,NA,NA
11401112,NA,NA,NA
11402000,NA,NA,NA
11404500,NA,NA,NA
11408880,NA,NA,NA
11409400,NA,NA,NA
11413000,NA,NA,NA
11413300,NA,NA,NA
11414100,NA,NA,NA
11414250,NA,NA,NA
11416500,NA,NA,NA
11417500,NA,NA,NA
11418000,NA,NA,NA
11418500,19,20,19
11421000,NA,NA,NA
11422500,NA,NA,NA
11424000,NA,NA,NA
11427000,NA,NA,NA
11427500,NA,NA,NA
11427700,NA,NA,NA
11427750,NA,NA,NA
11427760,NA,NA,NA
11428800,NA,NA,NA
11429500,NA,NA,NA
11433300,NA,NA,NA
11435100,NA,NA,NA
11436000,NA,NA,NA
11439500,NA,NA,NA
11441500,NA,NA,NA
11441900,NA,NA,NA
11443500,NA,NA,NA
11444500,NA,NA,NA
11446500,NA,NA,NA
11449500,NA,NA,NA
11451000,NA,NA,NA
11451100,NA,NA,NA
11452500,NA,NA,NA
11454000,10,20,10
11458000,NA,NA,NA
11459500,NA,NA,NA
11460600,NA,NA,NA
11461500,NA,NA,NA
11462500,NA,NA,NA
11463000,NA,NA,NA
11463170,NA,NA,NA
11464000,NA,NA,NA
11467000,NA,NA,NA
11468000,NA,NA,NA
11468500,NA,NA,NA
11469000,NA,NA,NA
11470500,NA,NA,NA
11471500,NA,NA,NA
11473900,NA,NA,NA
11475000,NA,NA,NA
11475560,NA,NA,NA
11476500,NA,NA,NA
11476600,NA,NA,NA
11477000,NA,NA,NA
11478500,NA,NA,NA
11480390,NA,NA,NA
11480410,NA,NA,NA
11481000,NA,NA,NA
11481200,28,20,28
11482500,NA,NA,NA
11501000,NA,NA,NA
11502500,NA,NA,NA
11507500,NA,NA,NA
11509500,NA,NA,NA
11510700,NA,NA,NA
11516530,NA,NA,NA
11517500,NA,NA,NA
11519500,NA,NA,NA
11520500,NA,NA,NA
11521500,NA,NA,NA
11522500,NA,NA,NA
11523000,NA,NA,NA
11523200,NA,NA,NA
11525500,NA,NA,NA
11527000,NA,NA,NA
11528700,NA,NA,NA
11530000,NA,NA,NA
11532500,34,20,4
12010000,26,10,17
12013500,57,10,1
12020000,54,5,21
12025000,27,10,1
12025700,58,5,24
12026150,7,10,2
12026400,9,20,1
12027500,57,5,8
12031000,28,5,16
12035000,26,20,26
12035400,NA,NA,NA
12036000,54,5,25
12037400,NA,NA,NA
12039500,4,20,4
12040500,19,10,5
12041200,6,5,2
12045500,3,20,3
12048000,NA,NA,NA
12054000,NA,NA,NA
12056500,NA,NA,NA
12059500,NA,NA,NA
12073500,NA,NA,NA
12082500,NA,NA,NA
12086500,38,20,5
12089500,NA,NA,NA
12092000,5,10,3
12093500,6,10,4
12099600,NA,NA,NA
12101500,19,5,3
12105900,19,20,8
12106700,62,20,3
12108500,NA,NA,NA
12112600,NA,NA,NA
12113000,61,10,3
12114500,46,5,2
12115000,18,10,6
12115500,26,5,13
12116500,NA,NA,NA
12117000,47,5,16
12117500,NA,NA,NA
12119000,49,20,1
12121600,NA,NA,NA
12134500,8,10,4
12141300,8,5,3
12142000,18,10,6
12143400,8,20,8
12143700,NA,NA,NA
12143900,NA,NA,NA
12144500,19,10,6
12145500,NA,NA,NA
12147600,26,10,7
12148000,NA,NA,NA
12148300,19,20,8
12148500,25,10,1
12149000,19,10,6
12150800,20,10,5
12167000,64,10,17
12175500,4,20,4
12186000,5,10,2
12189500,5,10,3
12205000,3,20,3
12213100,6,10,3
12302055,16,10,3
12324200,14,20,14
12324590,15,20,15
12324680,NA,NA,NA
12329500,NA,NA,NA
12330000,NA,NA,NA
12332000,NA,NA,NA
12334510,13,20,13
12335500,NA,NA,NA
12340000,32,10,15
12340500,16,20,16
12342500,11,20,11
12344000,6,20,6
12353000,15,20,15
12354500,14,20,14
12358500,14,10,1
12362500,NA,NA,NA
12370000,NA,NA,NA
12372000,16,5,5
12389500,33,5,10
12390700,16,20,16
12395000,3,20,3
12409000,8,20,8
12411000,19,10,8
12413000,16,10,3
12414500,5,20,5
12414900,28,10,5
12419000,13,10,2
12422500,12,20,12
12424000,44,20,44
12431000,14,20,14
12433000,NA,NA,NA
12447390,7,20,7
12449950,5,20,5
12451000,4,10,1
12452500,NA,NA,NA
12452800,3,20,3
12459000,3,20,3
12462500,3,20,3
12465000,NA,NA,NA
12467000,NA,NA,NA
12484500,NA,NA,NA
12488500,NA,NA,NA
12500450,14,20,14
12502500,NA,NA,NA
12508990,24,20,3
12510500,23,10,1
13011000,NA,NA,NA
13011500,13,20,13
13011900,NA,NA,NA
13018300,NA,NA,NA
13018750,NA,NA,NA
13022500,NA,NA,NA
13023000,NA,NA,NA
13027500,NA,NA,NA
13032500,NA,NA,NA
13037500,15,20,15
13038500,27,20,22
13039500,2,20,2
13042500,NA,NA,NA
13046000,NA,NA,NA
13047500,13,20,13
13049500,NA,NA,NA
13050500,16,20,16
13052200,NA,NA,NA
13055000,NA,NA,NA
13056500,NA,NA,NA
13060000,24,20,7
13062500,23,20,5
13066000,NA,NA,NA
13068500,NA,NA,NA
13069500,NA,NA,NA
13073000,NA,NA,NA
13075000,NA,NA,NA
13075500,NA,NA,NA
13075983,27,5,19
13077000,NA,NA,NA
13078000,26,10,5
13081500,NA,NA,NA
13082500,23,20,23
13083000,NA,NA,NA
13105000,NA,NA,NA
13108150,9,10,3
13118700,NA,NA,NA
13120000,NA,NA,NA
13120500,NA,NA,NA
13127000,2,20,2
13141500,1,20,1
13142500,NA,NA,NA
13147900,1,20,1
13148500,15,20,15
13150430,NA,NA,NA
13152500,NA,NA,NA
13161500,NA,NA,NA
13168500,NA,NA,NA
13181000,NA,NA,NA
13183000,NA,NA,NA
13185000,NA,NA,NA
13186000,NA,NA,NA
13190500,NA,NA,NA
13200000,NA,NA,NA
13206000,NA,NA,NA
13235000,NA,NA,NA
13236500,NA,NA,NA
13239000,NA,NA,NA
13245000,NA,NA,NA
13246000,NA,NA,NA
13247500,NA,NA,NA
13249500,NA,NA,NA
13251000,NA,NA,NA
13258500,NA,NA,NA
13266000,NA,NA,NA
13297330,NA,NA,NA
13297350,NA,NA,NA
13297355,NA,NA,NA
13302500,NA,NA,NA
13305000,NA,NA,NA
13313000,NA,NA,NA
13316500,NA,NA,NA
13317000,NA,NA,NA
13331500,NA,NA,NA
13333000,NA,NA,NA
13336500,4,20,4
13337000,4,20,4
13338500,15,20,1
13339500,NA,NA,NA
13340000,5,20,5
13340600,3,20,3
13341050,4,20,4
13342500,4,20,4
13345000,59,5,26
13346800,NA,NA,NA
13351000,22,20,22
14013000,28,20,28
14015000,NA,NA,NA
14018500,27,10,12
14020000,4,20,4
14020300,35,10,7
14033500,NA,NA,NA
14034500,NA,NA,NA
14044000,NA,NA,NA
14046000,NA,NA,NA
14046500,NA,NA,NA
14048000,NA,NA,NA
14076500,NA,NA,NA
14087400,NA,NA,NA
14091500,NA,NA,NA
14092500,NA,NA,NA
14097100,14,20,14
14103000,5,20,5
14113000,NA,NA,NA
14120000,6,20,6
14123500,NA,NA,NA
14137000,21,10,8
14138800,21,10,1
14138850,22,10,1
14138870,22,10,1
14138900,27,10,1
14139800,19,10,1
14140000,NA,NA,NA
14141500,NA,NA,NA
14145500,NA,NA,NA
14148000,NA,NA,NA
14150000,NA,NA,NA
14151000,NA,NA,NA
14152000,NA,NA,NA
14153500,7,10,3
14154500,23,20,1
14155500,8,10,4
14157500,4,5,4
14158500,NA,NA,NA
14158790,15,20,15
14158850,NA,NA,NA
14159500,38,20,38
14161500,25,20,2
14162200,46,10,3
14162500,56,10,15
14165000,53,10,1
14166000,20,20,1
14166500,NA,NA,NA
14169000,NA,NA,NA
14170000,NA,NA,NA
14174000,17,20,17
14178000,10,20,10
14181500,NA,NA,NA
14182500,20,20,20
14183000,26,10,18
14185000,26,10,1
14185900,26,10,1
14187200,NA,NA,NA
14187500,NA,NA,NA
14189000,12,20,12
14190500,51,10,1
14191000,23,20,4
14203500,NA,NA,NA
14207500,NA,NA,NA
14208700,NA,NA,NA
14209000,NA,NA,NA
14209500,20,20,20
14210000,26,10,1
14211500,NA,NA,NA
14211720,22,5,4
14219800,61,5,22
14220500,NA,NA,NA
14222500,24,10,2
14226500,3,20,3
14233500,5,20,5
14236200,63,5,21
14238000,NA,NA,NA
14242580,18,20,18
14301000,57,10,2
14301500,59,5,23
14305500,57,5,26
14306500,48,5,16
14308000,17,10,4
14309000,NA,NA,NA
14309500,NA,NA,NA
14310000,NA,NA,NA
14312000,15,20,15
14314500,NA,NA,NA
14316500,NA,NA,NA
14316700,26,10,1
14319500,NA,NA,NA
14321000,3,20,3
14325000,NA,NA,NA
14330000,NA,NA,NA
14332000,NA,NA,NA
14337500,21,10,2
14338000,NA,NA,NA
14339000,NA,NA,NA
14359000,NA,NA,NA
14361500,NA,NA,NA
14362000,NA,NA,NA
14366000,NA,NA,NA
14369500,NA,NA,NA
14372300,NA,NA,NA
14377100,3,20,3
14400000,34,5,18
